"https://designworksgaming.com/,"
"https://teammalice.com/,"
"https://sendcutsend.com/,"
"https://committedpaintball.com/,"
"https://fandombar.com/,"
"https://sendcutsend.com/,"
"https://turnabot.com/,"
"https://www.seattlepickleco.com/,"
"https://ranglebox.com/,"
"https://web.getblue.io,"
"https://www.we-online.com/web/en/wuerth_elektronik/start.php,"
"https://opencircle.com.br,"
"https://www.gov.br/lna/pt-br,"
"https://www.smar.com/pt,"
"https://coracorthe.com.br,"
"https://www.magmotor.com,"
"https://techmotion.com.br,"
"https://unifei.edu.br,"
"https://www.madmood.com.br,"
"https://www.mgm-controllers.com,"
"https://www.usintek.com.br,"
"https://www.traktor.com.br/,"
"https://www.thiagorosinhole.com.br/,"
"https://www.solidworks.com/,"
"https://www.nhrl.io/,"
"https://www.e2emfg.com/,"
"https://bluerivertechnology.com/,"
"http://matician.com/,"
"https://sendcutsend.com/,"
"https://wcproducts.com/,"
"http://teamlazygecko.com/,"
"https://seemsreasonable.shop/,"
"https://www.vanbebbersteel.com/,"
"https://www.protolabs.com/,"
"https://ntmamcc.org/,"
"https://www.backblaze.com/,"
"https://arkplas.com/,"
"https://www.altparts.com/,"
"https://nanuk.com/,"
"https://millmetals.net/,"
"https://www.cmc.com/,"
"https://www.tellsteel.com/,"
"https://justcuzrobotics.com/,"
"https://www-us.wera.de/en/,"
"https://maxamps.com/,"
"https://www.liquidinstruments.com/,"
"https://www.makerx-tech.com/,"
"http://www.championtshirts.net,"
"https://customtubeworks.com,"
"https://www.esmiinc.com,"
"https://fusionfilaments.com,"
"https://maxamps.com,"
"https://sendcutsend.com,"
"https://www.wileycoyotemachine.com,"
"https://natureboxpetemporium.com/,"
"https://hallofjusticecomics.com/,"
"https://gearteamapparel.com/,"
"https://www.botbitz.com.au,"
"https://www.lasercut.net.au,"
"https://www.cajedpromotions.com,"
"https://iplasticsupply.com/,"
"https://sendcutsend.com/,"
"https://gearteamapparel.com/,"
"https://baltimorehackerspace.com/,"
"https://sendcutsend.com/,"
"https://www.breachbits.com/,"
"https://spunspoon.com/,"
"https://www.5starroofingandrestoration.com/,"
"https://www.newenglandpine.com/,"
"https://hesterfabrication.com,"
"http://ntopology.com,"
"https://sharkwheel.com,"
"https://sdp-si.com,"
"http://www.jesseebrothersinc.com,"
"https://www.d3o.com,"
"http://www.infiniteskychannel.com,"
"https://powerdrives.net,"
"https://www.parkerbrothersconcepts.com,"
"https://www.swcompositeworks.com,"
"https://www.ko-technologies.com,"
"http://platinumwaterjetcutting.com,"
"http://aekustomz.com,"
"https://collidable.com,"
"http://highenergymetals.com/,"
"https://kaedings.com,"
"https://www.olander.com,"
"https://www.nhrl.io/,"
"https://www.fnsheppard.com/,"
"https://tmstitanium.com/,"
"https://maxamps.com/,"
"https://sendcutsend.com/,"
"https://www.techequip.com/,"
"https://www.advancecnc.com/,"
"https://www.realsteel.co.nz/,"
"https://www.zeno.com/,"
"https://www.auckland.ac.nz/en/engineering.html,"
"https://reibus.com/,"
"https://maxamps.com/,"
"https://www.atlassian.com/,"
"https://www.kooartstudio.com/,"
"http://www.naylorsteel.com/,"
"https://sendcutsend.com/,"
"http://uddergun.com/,"
"http://www.westarmfg.com/,"
"https://maxamps.com/,"
"https://www.xometry.com/,"
"https://www.customtubeworks.com,"
"https://www.maxamps.com,"
"https://www.wileycoyotemachine.com,"
"https://www.sendcutsend.com,"
"https://www.championtshirts.net,"
"https://www.esmiinc.com,"
"https://closedloop.com,"
"https://prototek.com,"
"https://sacedm.com,"
"https://zebra.com,"
"https://ablanysteelinc.com,"
"https://rapidaxis.com,"
"https://phoenixcyclingsystems.us,"
"https://greatquote4u.com,"
"https://ghaasfoundation.org,"
"https://smt-tampa.com/,"
"https://www.bdiexpress.com/us/en,"
"http://magnumcompanies.co/,"
"https://home.castlecreations.com/,"
"https://www.instagram.com/bingo_welding/,"
"https://www.facebook.com/MysticMakings/,"
"https://monsterbolts.com/,"
"https://www.facebook.com/profile.php?id=100057380571507,"
"https://www.vanbebbersteel.com/,"
"https://www.autodesk.com/,"
"https://www.p3dcreations.com/,"
"https://sendcutsend.com/,"
"https://www.montana-cans.com/,"
"https://genstattu.com/,"
"https://integrated-motion.com/,"
"https://rapidaxis.com/,"
"https://polymaker.com/,"
"https://www.facebook.com/sistoneinc,"
"https://www.hoseandfittings.com/,"
"https://sendcutsend.com/,"
"https://gearteamapparel.com/,"
"https://repeat-robotics.com,"
"http://www.eshsecurity.com,"
"https://www.mouser.com/,"
"https://www.tti.com/content/ttiinc/en.html,"
"http://www.uddergun.com,"
"https://www.westarmfg.com,"
"https://www.maxamps.com,"
"https://www.xometry.com/,"
"https://www.multicomp-pro.com/,"
"https://www.solidworks.com/,"
"https://www.sendcutsend.com/,"
"https://roystersmachine.com/,"
"https://hypershock.tv/collections/hyperdrive,"
"https://nabtu.org/,"
"https://local525.org/,"
"https://sendcutsend.com/,"
"https://srsfab.com/,"
"https://kymera.com/,"
"https://fandombar.com/,"
"https://www.kmearchitects.com/,"
"https://www.sendcutsend.com,"
"https://www.4imprint.com,"
"https://www.palmbeachbots.com,"
"https://www.npcrobotics.com,"
"https://vspmarketinggroup.com,"
"https://www.xineering.com,"
"https://www.p3dcreations.com,"
"https://www.fingertechrobotics.com,"
"https://www.solidworks.com/,"
"https://www.spektrumrc.com/,"
"https://www.ampflow.com/,"
"https://www.vinatechinc.com/,"
"https://www.modalai.com/,"
"https://www.design1st.com/,"
"https://lorenzproducts.com/,"
"https://www.lotus-design.ca/,"
"https://dymech.ca/,"
"http://montereymachineproducts.com/,"
"https://sendcutsend.com/,"
"https://www.mtsac.edu/,"
"https://www.botkits.com/,"
"http://sendcutsend.com,"
"https://www.commonfibers.com,"
"https://www.crdmfg.com,"
"https://www.xometry.com,"
"https://www.cutronesandandstone.com,"
"https://www.cocoapress.com,"
"https://www.sendcutsend.com,"
"https://www.maxamps.com,"
"https://www.thesoccerfactory.com,"
"https://www.perficient.com,"
"https://www.xometry.com,"
"https://maxamps.com,"
"https://www.mgm-controllers.com,"
"https://www.puc-rio.br/english,"
"https://www.atgdatanet.co.uk,"
"https://www.lyraelectronics.com,"
"https://www.armfield.co.uk,"
"https://www.trampaboards.com,"
"https://www.k-cut.co.uk,"
"https://www.gensace.de,"
"https://www.mi-partners.nl,"
"https://www.frsky-rc.com/,"
"https://sendcutsend.com/,"
"https://www.mgm-controllers.com/,"
"https://robotmatter.com,"
"https://wa4dsy.net/robot,"
"https://etotheipiplusone.net/,"
"https://www.instagram.com/cerkl.creations/,"
"https://www.robochallenge.co.uk,"
"https://www.guhring.co.uk,"
"https://www.AutoDesk.com,"
"https://www.engtechgroup.com,"
"https://savethefrogs.com/,"
"https://sendcutsend.com/,"
"https://hudsonspeedwaynh.com/,"
"https://3dfortify.com,"
"https://www.cliftonsteel.com/,"
"https://nhoilundercoating.com/,"
"https://www.genstattu.com/,"
"https://sendcutsend.com/,"
"https://www.smrset.com,"
"https://monsterbolts.com/,"
"https://www.xometry.com/,"
"https://goquantum.io/,"
"https://sendcutsend.com/,"
"https://bcrgs.com/,"
"https://www.maxamps.com/,"
"https://rollingrobots.com/,"
"https://masterprepacademy.com/,"
"http://www.amesrubberonline.com/index.html,"
"https://www.stryker.com/us/en/portfolios/orthopaedics/joint-replacement/mako-robotic-arm-assisted-surgery.html,"
"https://www.siemag-tecberg.com/en/,"
"https://www.lincolnelectric.com/en,"
"https://www.hydro-gear.com/,"
"https://www.grimstad.com/,"
"https://nopak.com/,"
"https://www.horizonhobby.com/,"
"https://www.ifm.com/us/en,"
"https://www.magnetics.com/,"
"https://www.solidworks.com/,"
"https://www.warnerelectric.com/,"
"http://paragonautomation.com/,"
"https://www.dubro.com/,"
"https://finncofabricating.com/,"
"https://sendcutsend.com/,"
"https://tmstitanium.com/,"
"https://www.solidworks.com/,"
"https://www.kloecknermetals.com/,"
"https://www.harmonicdrive.net/,"
"https://www.desktopmetal.com/,"
"https://www.donorschoose.org/,"
"https://www.xometry.com/,"
"https://apptronik.com/,"
"https://maxamps.com/,"
"https://sendcutsend.com/,"
"https://www.prismier.com,"
"https://www.metalblade.com,"
"https://www.flysky-cn.com,"
"https://www.maxamps.com,"
"https://www.tmstitanium.com,"
"https://www.qooos.com,"
"https://www.avista-oil.de/en/company/,"
"https://www.nhrl.io/,"
"https://stvinc.com/,"
"https://sendcutsend.com/,"
"https://flipsky.net/,"
"https://www.freerchobby.cc/,"
"https://www.firstmfg.com/,"
"https://neumotors.com/,"
"https://www.instagram.com/hotkoin/,"
"https://Sinnovatek.com,"
"https://gearteamapparel.com,"
"https://SendCutSend.com,"
"https://chestermachinetools.co.uk,"
"https://www.jordanls.com/,"
"https://www.leaflabs.com/,"
"https://picklerobot.com/,"
"https://nhoilundercoating.com/,"
"https://www.solidworks.com/,"
"https://sendcutsend.com/,"
"https://monsterbolts.com/,"
"http://amd.com/,"
"https://www.revrobotics.com/?utm_source=bb_profile&utm_medium=web&utm_campaign=switchback,"
"https://www.mirion.com/,"
"https://st.com/,"
"https://www.onshape.com/,"
"https://sendcutsend.com/,"
"https://www.solidworks.com/,"
"https://www.nhrl.io/,"
"https://www.e2emfg.com/,"
"https://bluerivertechnology.com/,"
"http://matician.com/,"
"https://www.vanbebbersteel.com/,"
"https://sendcutsend.com/,"
"https://wcproducts.com/,"
"https://teamlazygecko.com/,"
"https://seemsreasonable.shop/,"
"https://www.1010games.com/,"
"http://www.ricks-welding.com/,"
"https://rollingrobots.com/,"
"https://opentrade.com/,"
"https://familypromise.org/,"
"https://sendcutsend.com/,"
"https://www.deepseaco.com/,"
"http://srsfabrication.com/,"
"https://benchmarkabrasives.com/,"
"http://www.scrapbookingmadesimple.com/,"
"https://www.downeyfcu.org/,"
"https://maxamps.com/,"
"https://xenaworkwear.com/,"
"https://www.hairobotics.com/,"
"https://www.te.com/usa-en/home.html,"
"https://www.p3dcreations.com/,"
"https://www.onlinemetals.com/,"
"https://monsterbolts.com/,"
"https://www.youtube.com/c/luigifan00001,"
"https://home.castlecreations.com/,"
"https://www.amainhobbies.com/,"
"https://sendcutsend.com/,"
"https://apptronik.com/,"
"https://lushanarts.wordpress.com/,"
"https://www.kontrast4d.com/,"
"https://www.meggitt.com,"
"https://www.goengineer.com,"
"https://www.xometry.com,"
"https://www.alertbot.com,"
"https://www.maxamps.com,"
"https://www.mastercam.com/,"
"https://www.lynx-technik.com/,"
"https://www.consort.com/brand-categories/kalamazoo-waterjet,"
"https://www.solidworks.com/,"
"https://www.magmotor.com/,"
"https://www.magicwheelchair.org/,"
